section,channel,hotel_class,fiscal_year,share
星级分类,OTA直连,五星,2021,0.235
星级分类,OTA直连,五星,2022,0.213
星级分类,OTA直连,五星,2023,0.26
星级分类,OTA直连,五星,2024,0.272
星级分类,OTA直连,五星,2025,0.294
星级分类,其他网络订房系统,五星,2018,0.198
星级分类,其他网络订房系统,五星,2019,0.211
星级分类,其他网络订房系统,五星,2020,0.259
星级分类,国际订房系统,五星,2018,0.051
星级分类,国际订房系统,五星,2019,0.048
星级分类,国际订房系统,五星,2020,0.031
星级分类,国际订房系统,五星,2021,0.029
星级分类,国际订房系统,五星,2022,0.025
星级分类,国际订房系统,五星,2023,0.033
星级分类,国际订房系统,五星,2024,0.035
星级分类,国际订房系统,五星,2025,0.041
星级分类,旅行社／旅游运营商,五星,2018,0.097
星级分类,旅行社／旅游运营商,五星,2019,0.089
星级分类,旅行社／旅游运营商,五星,2020,0.082
星级分类,独立订房系统,五星,2018,0.022
星级分类,独立订房系统,五星,2019,0.021
星级分类,独立订房系统,五星,2020,0.025
星级分类,电话／邮件／上门散客,五星,2018,0.215
星级分类,电话／邮件／上门散客,五星,2019,0.201
星级分类,电话／邮件／上门散客,五星,2020,0.185
星级分类,电话／邮件／上门散客,五星,2021,0.112
星级分类,电话／邮件／上门散客,五星,2022,0.115
星级分类,电话／邮件／上门散客,五星,2023,0.099
星级分类,电话／邮件／上门散客,五星,2024,0.089
星级分类,电话／邮件／上门散客,五星,2025,0.074
星级分类,连锁酒店总部网站,五星,2018,0.083
星级分类,连锁酒店总部网站,五星,2019,0.098
星级分类,连锁酒店总部网站,五星,2020,0.094
星级分类,酒店协议客户,五星,2018,0.333
星级分类,酒店协议客户,五星,2019,0.332
星级分类,酒店协议客户,五星,2020,0.324
星级分类,酒店协议客户,五星,2021,0.372
星级分类,酒店协议客户,五星,2022,0.422
星级分类,酒店协议客户,五星,2023,0.362
星级分类,酒店协议客户,五星,2024,0.343
星级分类,酒店协议客户,五星,2025,0.307
星级分类,酒店社交媒体,五星,2021,0.02
星级分类,酒店社交媒体,五星,2022,0.023
星级分类,酒店社交媒体,五星,2023,0.025
星级分类,酒店社交媒体,五星,2024,0.031
星级分类,酒店社交媒体,五星,2025,0.032
星级分类,酒店管理集团线上渠道,五星,2021,0.104
星级分类,酒店管理集团线上渠道,五星,2022,0.102
星级分类,酒店管理集团线上渠道,五星,2023,0.112
星级分类,酒店管理集团线上渠道,五星,2024,0.123
星级分类,酒店管理集团线上渠道,五星,2025,0.135
星级分类,酒店管理集团线下渠道,五星,2021,0.056
星级分类,酒店管理集团线下渠道,五星,2022,0.053
星级分类,酒店管理集团线下渠道,五星,2023,0.056
星级分类,酒店管理集团线下渠道,五星,2024,0.056
星级分类,酒店管理集团线下渠道,五星,2025,0.061
星级分类,非直连分销商（旅行社／旅游 运营商）,五星,2023,0.052
星级分类,非直连分销商（旅行社／旅游运营商）,五星,2021,0.071
星级分类,非直连分销商（旅行社／旅游运营商）,五星,2022,0.048
星级分类,非直连分销商（旅行社／旅游运营商）,五星,2024,0.051
星级分类,非直连分销商（旅行社／旅游运营商）,五星,2025,0.055
管理模式分类,OTA直连,国际管理-五星,2021,0.231
管理模式分类,OTA直连,国际管理-五星,2022,0.221
管理模式分类,OTA直连,国际管理-五星,2023,0.265
管理模式分类,OTA直连,国际管理-五星,2024,0.272
管理模式分类,OTA直连,国际管理-五星,2025,0.291
管理模式分类,其他网络订房系统,国际管理-五星,2018,0.19
管理模式分类,其他网络订房系统,国际管理-五星,2019,0.205
管理模式分类,其他网络订房系统,国际管理-五星,2020,0.27
管理模式分类,国际订房系统,国际管理-五星,2018,0.063
管理模式分类,国际订房系统,国际管理-五星,2019,0.061
管理模式分类,国际订房系统,国际管理-五星,2020,0.039
管理模式分类,国际订房系统,国际管理-五星,2021,0.041
管理模式分类,国际订房系统,国际管理-五星,2022,0.034
管理模式分类,国际订房系统,国际管理-五星,2023,0.042
管理模式分类,国际订房系统,国际管理-五星,2024,0.045
管理模式分类,国际订房系统,国际管理-五星,2025,0.049
管理模式分类,旅行社／旅游运营商,国际管理-五星,2018,0.101
管理模式分类,旅行社／旅游运营商,国际管理-五星,2019,0.087
管理模式分类,旅行社／旅游运营商,国际管理-五星,2020,0.084
管理模式分类,独立订房系统,国际管理-五星,2018,0.027
管理模式分类,独立订房系统,国际管理-五星,2019,0.025
管理模式分类,独立订房系统,国际管理-五星,2020,0.024
管理模式分类,电话／邮件／上门散客,国际管理-五星,2018,0.216
管理模式分类,电话／邮件／上门散客,国际管理-五星,2019,0.197
管理模式分类,电话／邮件／上门散客,国际管理-五星,2020,0.184
管理模式分类,电话／邮件／上门散客,国际管理-五星,2021,0.11
管理模式分类,电话／邮件／上门散客,国际管理-五星,2022,0.111
管理模式分类,电话／邮件／上门散客,国际管理-五星,2023,0.104
管理模式分类,电话／邮件／上门散客,国际管理-五星,2024,0.091
管理模式分类,电话／邮件／上门散客,国际管理-五星,2025,0.078
管理模式分类,连锁酒店总部网站,国际管理-五星,2018,0.119
管理模式分类,连锁酒店总部网站,国际管理-五星,2019,0.118
管理模式分类,连锁酒店总部网站,国际管理-五星,2020,0.11
管理模式分类,酒店协议客户,国际管理-五星,2018,0.307
管理模式分类,酒店协议客户,国际管理-五星,2019,0.308
管理模式分类,酒店协议客户,国际管理-五星,2020,0.29
管理模式分类,酒店协议客户,国际管理-五星,2021,0.337
管理模式分类,酒店协议客户,国际管理-五星,2022,0.381
管理模式分类,酒店协议客户,国际管理-五星,2023,0.33
管理模式分类,酒店协议客户,国际管理-五星,2024,0.309
管理模式分类,酒店协议客户,国际管理-五星,2025,0.282
管理模式分类,酒店社交媒体,国际管理-五星,2021,0.019
管理模式分类,酒店社交媒体,国际管理-五星,2022,0.021
管理模式分类,酒店社交媒体,国际管理-五星,2023,0.023
管理模式分类,酒店社交媒体,国际管理-五星,2024,0.029
管理模式分类,酒店社交媒体,国际管理-五星,2025,0.032
管理模式分类,酒店管理集团线上渠道,国际管理-五星,2021,0.124
管理模式分类,酒店管理集团线上渠道,国际管理-五星,2022,0.119
管理模式分类,酒店管理集团线上渠道,国际管理-五星,2023,0.132
管理模式分类,酒店管理集团线上渠道,国际管理-五星,2024,0.147
管理模式分类,酒店管理集团线上渠道,国际管理-五星,2025,0.156
管理模式分类,酒店管理集团线下渠道,国际管理-五星,2021,0.069
管理模式分类,酒店管理集团线下渠道,国际管理-五星,2022,0.025
管理模式分类,酒店管理集团线下渠道,国际管理-五星,2023,0.06
管理模式分类,酒店管理集团线下渠道,国际管理-五星,2024,0.039
管理模式分类,酒店管理集团线下渠道,国际管理-五星,2025,0.063
管理模式分类,非直连分销商（旅行社／旅游 运营商）,国际管理-五星,2023,0.044
管理模式分类,非直连分销商（旅行社／旅游运营商）,国际管理-五星,2021,0.068
管理模式分类,非直连分销商（旅行社／旅游运营商）,国际管理-五星,2022,0.05
管理模式分类,非直连分销商（旅行社／旅游运营商）,国际管理-五星,2024,0.042
管理模式分类,非直连分销商（旅行社／旅游运营商）,国际管理-五星,2025,0.05
城市等级分类,OTA直连,一线城市-五星,2021,0.257
城市等级分类,OTA直连,一线城市-五星,2022,0.242
城市等级分类,OTA直连,一线城市-五星,2023,0.27
城市等级分类,OTA直连,一线城市-五星,2024,0.286
城市等级分类,OTA直连,一线城市-五星,2025,0.301
城市等级分类,其他网络订房系统,一线城市-五星,2018,0.205
城市等级分类,其他网络订房系统,一线城市-五星,2019,0.223
城市等级分类,其他网络订房系统,一线城市-五星,2020,0.295
城市等级分类,国际订房系统,一线城市-五星,2018,0.088
城市等级分类,国际订房系统,一线城市-五星,2019,0.079
城市等级分类,国际订房系统,一线城市-五星,2020,0.046
城市等级分类,国际订房系统,一线城市-五星,2021,0.043
城市等级分类,国际订房系统,一线城市-五星,2022,0.039
城市等级分类,国际订房系统,一线城市-五星,2023,0.052
城市等级分类,国际订房系统,一线城市-五星,2024,0.052
城市等级分类,国际订房系统,一线城市-五星,2025,0.063
城市等级分类,旅行社／旅游运营商,一线城市-五星,2018,0.068
城市等级分类,旅行社／旅游运营商,一线城市-五星,2019,0.057
城市等级分类,旅行社／旅游运营商,一线城市-五星,2020,0.051
城市等级分类,独立订房系统,一线城市-五星,2018,0.026
城市等级分类,独立订房系统,一线城市-五星,2019,0.03
城市等级分类,独立订房系统,一线城市-五星,2020,0.038
城市等级分类,电话／邮件／上门散客,一线城市-五星,2018,0.211
城市等级分类,电话／邮件／上门散客,一线城市-五星,2019,0.199
城市等级分类,电话／邮件／上门散客,一线城市-五星,2020,0.189
城市等级分类,电话／邮件／上门散客,一线城市-五星,2021,0.112
城市等级分类,电话／邮件／上门散客,一线城市-五星,2022,0.124
城市等级分类,电话／邮件／上门散客,一线城市-五星,2023,0.105
城市等级分类,电话／邮件／上门散客,一线城市-五星,2024,0.101
城市等级分类,电话／邮件／上门散客,一线城市-五星,2025,0.071
城市等级分类,连锁酒店总部网站,一线城市-五星,2018,0.055
城市等级分类,连锁酒店总部网站,一线城市-五星,2019,0.136
城市等级分类,连锁酒店总部网站,一线城市-五星,2020,0.123
城市等级分类,酒店协议客户,一线城市-五星,2018,0.283
城市等级分类,酒店协议客户,一线城市-五星,2019,0.276
城市等级分类,酒店协议客户,一线城市-五星,2020,0.257
城市等级分类,酒店协议客户,一线城市-五星,2021,0.318
城市等级分类,酒店协议客户,一线城市-五星,2022,0.352
城市等级分类,酒店协议客户,一线城市-五星,2023,0.334
城市等级分类,酒店协议客户,一线城市-五星,2024,0.306
城市等级分类,酒店协议客户,一线城市-五星,2025,0.286
城市等级分类,酒店社交媒体,一线城市-五星,2021,0.033
城市等级分类,酒店社交媒体,一线城市-五星,2022,0.017
城市等级分类,酒店社交媒体,一线城市-五星,2023,0.018
城市等级分类,酒店社交媒体,一线城市-五星,2024,0.03
城市等级分类,酒店社交媒体,一线城市-五星,2025,0.018
城市等级分类,酒店管理集团线上渠道,一线城市-五星,2021,0.126
城市等级分类,酒店管理集团线上渠道,一线城市-五星,2022,0.118
城市等级分类,酒店管理集团线上渠道,一线城市-五星,2023,0.125
城市等级分类,酒店管理集团线上渠道,一线城市-五星,2024,0.134
城市等级分类,酒店管理集团线上渠道,一线城市-五星,2025,0.156
城市等级分类,酒店管理集团线下渠道,一线城市-五星,2021,0.078
城市等级分类,酒店管理集团线下渠道,一线城市-五星,2022,0.053
城市等级分类,酒店管理集团线下渠道,一线城市-五星,2023,0.063
城市等级分类,酒店管理集团线下渠道,一线城市-五星,2024,0.062
城市等级分类,酒店管理集团线下渠道,一线城市-五星,2025,0.069
城市等级分类,非直连分销商（旅行社／旅游 运营商）,一线城市-五星,2023,0.033
城市等级分类,非直连分销商（旅行社／旅游运营商）,一线城市-五星,2021,0.047
城市等级分类,非直连分销商（旅行社／旅游运营商）,一线城市-五星,2022,0.029
城市等级分类,非直连分销商（旅行社／旅游运营商）,一线城市-五星,2024,0.04
城市等级分类,非直连分销商（旅行社／旅游运营商）,一线城市-五星,2025,0.036
