section,guest_type,hotel_class,fiscal_year,share
星级分类,其他,五星,2018,0.026
星级分类,其他,五星,2019,0.024
星级分类,其他,五星,2020,0.038
星级分类,其他,五星,2021,0.033
星级分类,其他,五星,2022,0.035
星级分类,其他,五星,2023,0.024
星级分类,其他,五星,2024,0.031
星级分类,其他,五星,2025,0.032
星级分类,团队-会议／会展／会奖旅游,五星,2018,0.037
星级分类,团队-会议／会展／会奖旅游,五星,2019,0.036
星级分类,团队-会议／会展／会奖旅游,五星,2020,0.034
星级分类,团队-会议／会展／会奖旅游,五星,2021,0.03
星级分类,团队-会议／会展／会奖旅游,五星,2022,0.042
星级分类,团队-会议／会展／会奖旅游,五星,2023,0.032
星级分类,团队-旅游团队,五星,2018,0.049
星级分类,团队-旅游团队,五星,2019,0.048
星级分类,团队-旅游团队,五星,2020,0.028
星级分类,团队-旅游团队,五星,2021,0.031
星级分类,团队-旅游团队,五星,2022,0.023
星级分类,团队-旅游团队,五星,2023,0.036
星级分类,团队-酒店店内会议,五星,2018,0.152
星级分类,团队-酒店店内会议,五星,2019,0.154
星级分类,团队-酒店店内会议,五星,2020,0.141
星级分类,团队-酒店店内会议,五星,2021,0.144
星级分类,团队-酒店店内会议,五星,2022,0.145
星级分类,团队-酒店店内会议,五星,2023,0.138
星级分类,团队—酒店店内会议,五星,2025,0.124
星级分类,团队一会议／会展／会奖旅游,五星,2024,0.032
星级分类,团队一会议／会展／会奖旅游,五星,2025,0.028
星级分类,团队一旅游团队,五星,2024,0.037
星级分类,团队一旅游团队,五星,2025,0.041
星级分类,团队一酒店店内会议,五星,2024,0.131
星级分类,政府散客,五星,2018,0.018
星级分类,政府散客,五星,2019,0.02
星级分类,政府散客,五星,2020,0.032
星级分类,政府散客,五星,2021,0.041
星级分类,政府散客,五星,2022,0.073
星级分类,政府散客,五星,2023,0.029
星级分类,政府散客,五星,2024,0.029
星级分类,政府散客,五星,2025,0.02
星级分类,散客-商务散客,五星,2018,0.311
星级分类,散客-商务散客,五星,2019,0.295
星级分类,散客-商务散客,五星,2020,0.262
星级分类,散客-商务散客,五星,2021,0.289
星级分类,散客-商务散客,五星,2022,0.291
星级分类,散客-商务散客,五星,2023,0.296
星级分类,散客-商务散客,五星,2025,0.257
星级分类,散客-批发／包价散客,五星,2018,0.124
星级分类,散客-批发／包价散客,五星,2019,0.127
星级分类,散客-批发／包价散客,五星,2020,0.146
星级分类,散客-批发／包价散客,五星,2021,0.097
星级分类,散客-批发／包价散客,五星,2022,0.086
星级分类,散客-批发／包价散客,五星,2023,0.087
星级分类,散客-直接散客,五星,2018,0.234
星级分类,散客-直接散客,五星,2019,0.253
星级分类,散客-直接散客,五星,2020,0.278
星级分类,散客-直接散客,五星,2021,0.298
星级分类,散客-直接散客,五星,2022,0.269
星级分类,散客-直接散客,五星,2023,0.322
星级分类,散客一商务散客,五星,2024,0.273
星级分类,散客一批发／包价散客,五星,2024,0.101
星级分类,散客一批发／包价散客,五星,2025,0.111
星级分类,散客一直接散客,五星,2024,0.328
星级分类,散客一直接散客,五星,2025,0.353
星级分类,无预订散客,五星,2018,0.03
星级分类,无预订散客,五星,2019,0.025
星级分类,无预订散客,五星,2020,0.03
星级分类,无预订散客,五星,2021,0.032
星级分类,无预订散客,五星,2022,0.031
星级分类,无预订散客,五星,2023,0.029
星级分类,无预订散客,五星,2024,0.027
星级分类,无预订散客,五星,2025,0.024
星级分类,航空机组人员,五星,2018,0.02
星级分类,航空机组人员,五星,2019,0.017
星级分类,航空机组人员,五星,2020,0.011
星级分类,航空机组人员,五星,2021,0.007
星级分类,航空机组人员,五星,2022,0.006
星级分类,航空机组人员,五星,2023,0.009
星级分类,航空机组人员,五星,2024,0.009
星级分类,航空机组人员,五星,2025,0.011
管理模式分类,其他,国际管理-五星,2018,0.027
管理模式分类,其他,国际管理-五星,2019,0.022
管理模式分类,其他,国际管理-五星,2020,0.034
管理模式分类,其他,国际管理-五星,2021,0.031
管理模式分类,其他,国际管理-五星,2022,0.035
管理模式分类,其他,国际管理-五星,2023,0.025
管理模式分类,其他,国际管理-五星,2024,0.031
管理模式分类,其他,国际管理-五星,2025,0.027
管理模式分类,团队-会议／会展／会奖旅游,国际管理-五星,2018,0.034
管理模式分类,团队-会议／会展／会奖旅游,国际管理-五星,2019,0.035
管理模式分类,团队-会议／会展／会奖旅游,国际管理-五星,2020,0.031
管理模式分类,团队-会议／会展／会奖旅游,国际管理-五星,2021,0.03
管理模式分类,团队-会议／会展／会奖旅游,国际管理-五星,2022,0.039
管理模式分类,团队-会议／会展／会奖旅游,国际管理-五星,2023,0.03
管理模式分类,团队-旅游团队,国际管理-五星,2018,0.047
管理模式分类,团队-旅游团队,国际管理-五星,2019,0.045
管理模式分类,团队-旅游团队,国际管理-五星,2020,0.025
管理模式分类,团队-旅游团队,国际管理-五星,2021,0.029
管理模式分类,团队-旅游团队,国际管理-五星,2022,0.02
管理模式分类,团队-旅游团队,国际管理-五星,2023,0.029
管理模式分类,团队-酒店店内会议,国际管理-五星,2018,0.148
管理模式分类,团队-酒店店内会议,国际管理-五星,2019,0.14
管理模式分类,团队-酒店店内会议,国际管理-五星,2020,0.13
管理模式分类,团队-酒店店内会议,国际管理-五星,2021,0.13
管理模式分类,团队-酒店店内会议,国际管理-五星,2022,0.128
管理模式分类,团队-酒店店内会议,国际管理-五星,2023,0.124
管理模式分类,团队—酒店店内会议,国际管理-五星,2025,0.111
管理模式分类,团队一会议／会展／会奖旅游,国际管理-五星,2024,0.032
管理模式分类,团队一会议／会展／会奖旅游,国际管理-五星,2025,0.021
管理模式分类,团队一旅游团队,国际管理-五星,2024,0.034
管理模式分类,团队一旅游团队,国际管理-五星,2025,0.038
管理模式分类,团队一酒店店内会议,国际管理-五星,2024,0.114
管理模式分类,政府散客,国际管理-五星,2018,0.009
管理模式分类,政府散客,国际管理-五星,2019,0.009
管理模式分类,政府散客,国际管理-五星,2020,0.018
管理模式分类,政府散客,国际管理-五星,2021,0.021
管理模式分类,政府散客,国际管理-五星,2022,0.045
管理模式分类,政府散客,国际管理-五星,2023,0.016
管理模式分类,政府散客,国际管理-五星,2024,0.014
管理模式分类,政府散客,国际管理-五星,2025,0.012
管理模式分类,散客-商务散客,国际管理-五星,2018,0.308
管理模式分类,散客-商务散客,国际管理-五星,2019,0.308
管理模式分类,散客-商务散客,国际管理-五星,2020,0.272
管理模式分类,散客-商务散客,国际管理-五星,2021,0.309
管理模式分类,散客-商务散客,国际管理-五星,2022,0.312
管理模式分类,散客-商务散客,国际管理-五星,2023,0.306
管理模式分类,散客-商务散客,国际管理-五星,2025,0.263
管理模式分类,散客-批发／包价散客,国际管理-五星,2018,0.119
管理模式分类,散客-批发／包价散客,国际管理-五星,2019,0.117
管理模式分类,散客-批发／包价散客,国际管理-五星,2020,0.141
管理模式分类,散客-批发／包价散客,国际管理-五星,2021,0.093
管理模式分类,散客-批发／包价散客,国际管理-五星,2022,0.084
管理模式分类,散客-批发／包价散客,国际管理-五星,2023,0.083
管理模式分类,散客-直接散客,国际管理-五星,2018,0.259
管理模式分类,散客-直接散客,国际管理-五星,2019,0.283
管理模式分类,散客-直接散客,国际管理-五星,2020,0.306
管理模式分类,散客-直接散客,国际管理-五星,2021,0.32
管理模式分类,散客-直接散客,国际管理-五星,2022,0.299
管理模式分类,散客-直接散客,国际管理-五星,2023,0.352
管理模式分类,散客一商务散客,国际管理-五星,2024,0.283
管理模式分类,散客一批发／包价散客,国际管理-五星,2024,0.099
管理模式分类,散客一批发／包价散客,国际管理-五星,2025,0.108
管理模式分类,散客一直接散客,国际管理-五星,2024,0.355
管理模式分类,散客一直接散客,国际管理-五星,2025,0.373
管理模式分类,无预订散客,国际管理-五星,2018,0.026
管理模式分类,无预订散客,国际管理-五星,2019,0.021
管理模式分类,无预订散客,国际管理-五星,2020,0.029
管理模式分类,无预订散客,国际管理-五星,2021,0.031
管理模式分类,无预订散客,国际管理-五星,2022,0.033
管理模式分类,无预订散客,国际管理-五星,2023,0.028
管理模式分类,无预订散客,国际管理-五星,2024,0.028
管理模式分类,无预订散客,国际管理-五星,2025,0.023
管理模式分类,航空机组人员,国际管理-五星,2018,0.022
管理模式分类,航空机组人员,国际管理-五星,2019,0.02
管理模式分类,航空机组人员,国际管理-五星,2020,0.01
管理模式分类,航空机组人员,国际管理-五星,2021,0.007
管理模式分类,航空机组人员,国际管理-五星,2022,0.006
管理模式分类,航空机组人员,国际管理-五星,2023,0.011
管理模式分类,航空机组人员,国际管理-五星,2024,0.008
管理模式分类,航空机组人员,国际管理-五星,2025,0.01
城市等级分类,其他,一线城市-五星,2018,0.028
城市等级分类,其他,一线城市-五星,2019,0.021
城市等级分类,其他,一线城市-五星,2020,0.046
城市等级分类,其他,一线城市-五星,2021,0.031
城市等级分类,其他,一线城市-五星,2022,0.04
城市等级分类,其他,一线城市-五星,2023,0.027
城市等级分类,其他,一线城市-五星,2024,0.029
城市等级分类,其他,一线城市-五星,2025,0.031
城市等级分类,团队-会议／会展／会奖旅游,一线城市-五星,2018,0.033
城市等级分类,团队-会议／会展／会奖旅游,一线城市-五星,2019,0.031
城市等级分类,团队-会议／会展／会奖旅游,一线城市-五星,2020,0.035
城市等级分类,团队-会议／会展／会奖旅游,一线城市-五星,2021,0.027
城市等级分类,团队-会议／会展／会奖旅游,一线城市-五星,2022,0.027
城市等级分类,团队-会议／会展／会奖旅游,一线城市-五星,2023,0.036
城市等级分类,团队-旅游团队,一线城市-五星,2018,0.035
城市等级分类,团队-旅游团队,一线城市-五星,2019,0.034
城市等级分类,团队-旅游团队,一线城市-五星,2020,0.012
城市等级分类,团队-旅游团队,一线城市-五星,2021,0.011
城市等级分类,团队-旅游团队,一线城市-五星,2022,0.013
城市等级分类,团队-旅游团队,一线城市-五星,2023,0.015
城市等级分类,团队-酒店店内会议,一线城市-五星,2018,0.134
城市等级分类,团队-酒店店内会议,一线城市-五星,2019,0.126
城市等级分类,团队-酒店店内会议,一线城市-五星,2020,0.106
城市等级分类,团队-酒店店内会议,一线城市-五星,2021,0.11
城市等级分类,团队-酒店店内会议,一线城市-五星,2022,0.125
城市等级分类,团队-酒店店内会议,一线城市-五星,2023,0.118
城市等级分类,团队—酒店店内会议,一线城市-五星,2025,0.096
城市等级分类,团队一会议／会展／会奖旅游,一线城市-五星,2024,0.033
城市等级分类,团队一会议／会展／会奖旅游,一线城市-五星,2025,0.027
城市等级分类,团队一旅游团队,一线城市-五星,2024,0.019
城市等级分类,团队一旅游团队,一线城市-五星,2025,0.038
城市等级分类,团队一酒店店内会议,一线城市-五星,2024,0.113
城市等级分类,政府散客,一线城市-五星,2018,0.011
城市等级分类,政府散客,一线城市-五星,2019,0.012
城市等级分类,政府散客,一线城市-五星,2020,0.027
城市等级分类,政府散客,一线城市-五星,2021,0.024
城市等级分类,政府散客,一线城市-五星,2022,0.04
城市等级分类,政府散客,一线城市-五星,2023,0.015
城市等级分类,政府散客,一线城市-五星,2024,0.015
城市等级分类,政府散客,一线城市-五星,2025,0.013
城市等级分类,散客-商务散客,一线城市-五星,2018,0.321
城市等级分类,散客-商务散客,一线城市-五星,2019,0.309
城市等级分类,散客-商务散客,一线城市-五星,2020,0.258
城市等级分类,散客-商务散客,一线城市-五星,2021,0.32
城市等级分类,散客-商务散客,一线城市-五星,2022,0.308
城市等级分类,散客-商务散客,一线城市-五星,2023,0.321
城市等级分类,散客-商务散客,一线城市-五星,2025,0.29
城市等级分类,散客-批发／包价散客,一线城市-五星,2018,0.103
城市等级分类,散客-批发／包价散客,一线城市-五星,2019,0.102
城市等级分类,散客-批发／包价散客,一线城市-五星,2020,0.128
城市等级分类,散客-批发／包价散客,一线城市-五星,2021,0.09
城市等级分类,散客-批发／包价散客,一线城市-五星,2022,0.081
城市等级分类,散客-批发／包价散客,一线城市-五星,2023,0.083
城市等级分类,散客-直接散客,一线城市-五星,2018,0.283
城市等级分类,散客-直接散客,一线城市-五星,2019,0.318
城市等级分类,散客-直接散客,一线城市-五星,2020,0.351
城市等级分类,散客-直接散客,一线城市-五星,2021,0.35
城市等级分类,散客-直接散客,一线城市-五星,2022,0.333
城市等级分类,散客-直接散客,一线城市-五星,2023,0.355
城市等级分类,散客一商务散客,一线城市-五星,2024,0.296
城市等级分类,散客一批发／包价散客,一线城市-五星,2024,0.086
城市等级分类,散客一批发／包价散客,一线城市-五星,2025,0.085
城市等级分类,散客一直接散客,一线城市-五星,2024,0.369
城市等级分类,散客一直接散客,一线城市-五星,2025,0.394
城市等级分类,无预订散客,一线城市-五星,2018,0.021
城市等级分类,无预订散客,一线城市-五星,2019,0.017
城市等级分类,无预订散客,一线城市-五星,2020,0.023
城市等级分类,无预订散客,一线城市-五星,2021,0.025
城市等级分类,无预订散客,一线城市-五星,2022,0.024
城市等级分类,无预订散客,一线城市-五星,2023,0.023
城市等级分类,无预订散客,一线城市-五星,2024,0.019
城市等级分类,无预订散客,一线城市-五星,2025,0.017
城市等级分类,航空机组人员,一线城市-五星,2018,0.031
城市等级分类,航空机组人员,一线城市-五星,2019,0.03
城市等级分类,航空机组人员,一线城市-五星,2020,0.003
城市等级分类,航空机组人员,一线城市-五星,2021,0.006
城市等级分类,航空机组人员,一线城市-五星,2022,0.009
城市等级分类,航空机组人员,一线城市-五星,2023,0.003
城市等级分类,航空机组人员,一线城市-五星,2024,0.001
城市等级分类,航空机组人员,一线城市-五星,2025,0.023
