section,metric,class,fiscal_year,value
星级分类,酒店数量（家）,五星,2018,727.0
星级分类,酒店数量（家）,五星,2019,705.0
星级分类,酒店数量（家）,五星,2020,814.0
星级分类,酒店数量（家）,五星,2021,975.0
星级分类,酒店数量（家）,五星,2022,976.0
星级分类,酒店数量（家）,五星,2023,975.0
星级分类,酒店数量（家）,五星,2024,940.0
星级分类,酒店数量（家）,五星,2025,837.0
星级分类,每日可供出租客房数（间）,五星,2018,237267.0
星级分类,每日可供出租客房数（间）,五星,2019,225640.0
星级分类,每日可供出租客房数（间）,五星,2020,263769.0
星级分类,每日可供出租客房数（间）,五星,2021,312067.0
星级分类,每日可供出租客房数（间）,五星,2022,311373.0
星级分类,每日可供出租客房数（间）,五星,2023,303264.0
星级分类,每日可供出租客房数（间）,五星,2024,296535.0
星级分类,每日可供出租客房数（间）,五星,2025,268085.0
星级分类,每日实际入住客房数（间）,五星,2018,151696.0
星级分类,每日实际入住客房数（间）,五星,2019,143836.0
星级分类,每日实际入住客房数（间）,五星,2020,116947.0
星级分类,每日实际入住客房数（间）,五星,2021,153562.0
星级分类,每日实际入住客房数（间）,五星,2022,133321.0
星级分类,每日实际入住客房数（间）,五星,2023,189936.0
星级分类,每日实际入住客房数（间）,五星,2024,185230.0
星级分类,每日实际入住客房数（间）,五星,2025,171579.0
星级分类,平均住宿率（%）,五星,2018,0.639
星级分类,平均住宿率（%）,五星,2019,0.637
星级分类,平均住宿率（%）,五星,2020,0.443
星级分类,平均住宿率（%）,五星,2021,0.492
星级分类,平均住宿率（%）,五星,2022,0.428
星级分类,平均住宿率（%）,五星,2023,0.626
星级分类,平均住宿率（%）,五星,2024,0.625
星级分类,平均住宿率（%）,五星,2025,0.64
星级分类,平均房价（元/间）,五星,2018,755.0
星级分类,平均房价（元/间）,五星,2019,757.0
星级分类,平均房价（元/间）,五星,2020,674.0
星级分类,平均房价（元/间）,五星,2021,693.0
星级分类,平均房价（元/间）,五星,2022,649.0
星级分类,平均房价（元/间）,五星,2023,803.0
星级分类,平均房价（元/间）,五星,2024,755.0
星级分类,平均房价（元/间）,五星,2025,775.0
星级分类,每间可供出租客房收入（元/间）,五星,2018,483.0
星级分类,每间可供出租客房收入（元/间）,五星,2019,483.0
星级分类,每间可供出租客房收入（元/间）,五星,2020,299.0
星级分类,每间可供出租客房收入（元/间）,五星,2021,341.0
星级分类,每间可供出租客房收入（元/间）,五星,2022,278.0
星级分类,每间可供出租客房收入（元/间）,五星,2023,503.0
星级分类,每间可供出租客房收入（元/间）,五星,2024,472.0
星级分类,每间可供出租客房收入（元/间）,五星,2025,496.0
星级分类,每间可供出租客房总收入（元/间）,五星,2018,320146.0
星级分类,每间可供出租客房总收入（元/间）,五星,2019,323675.0
星级分类,每间可供出租客房总收入（元/间）,五星,2020,203601.0
星级分类,每间可供出租客房总收入（元/间）,五星,2021,233576.0
星级分类,每间可供出租客房总收入（元/间）,五星,2022,189503.0
星级分类,每间可供出租客房总收入（元/间）,五星,2023,314483.0
星级分类,每间可供出租客房总收入（元/间）,五星,2024,286499.0
星级分类,每间可供出租客房总收入（元/间）,五星,2025,292988.0
星级分类,每间可供出租客房总支出（元/间）,五星,2018,220939.0
星级分类,每间可供出租客房总支出（元/间）,五星,2019,226088.0
星级分类,每间可供出租客房总支出（元/间）,五星,2020,162093.0
星级分类,每间可供出租客房总支出（元/间）,五星,2021,181310.0
星级分类,每间可供出租客房总支出（元/间）,五星,2022,165224.0
星级分类,每间可供出租客房总支出（元/间）,五星,2023,220653.0
星级分类,每间可供出租客房总支出（元/间）,五星,2024,208434.0
星级分类,每间可供出租客房总支出（元/间）,五星,2025,209354.0
星级分类,每间可供出租房经营毛利（元/间）,五星,2018,99781.0
星级分类,每间可供出租房经营毛利（元/间）,五星,2019,98210.0
星级分类,每间可供出租房经营毛利（元/间）,五星,2020,41548.0
星级分类,每间可供出租房经营毛利（元/间）,五星,2021,53944.0
星级分类,每间可供出租房经营毛利（元/间）,五星,2022,24771.0
星级分类,每间可供出租房经营毛利（元/间）,五星,2023,94805.0
星级分类,每间可供出租房经营毛利（元/间）,五星,2024,81871.0
星级分类,每间可供出租房经营毛利（元/间）,五星,2025,84485.0
星级分类,经营毛利率（%）,五星,2018,0.312
星级分类,经营毛利率（%）,五星,2019,0.303
星级分类,经营毛利率（%）,五星,2020,0.204
星级分类,经营毛利率（%）,五星,2021,0.231
星级分类,经营毛利率（%）,五星,2022,0.131
星级分类,经营毛利率（%）,五星,2023,0.301
星级分类,经营毛利率（%）,五星,2024,0.286
星级分类,经营毛利率（%）,五星,2025,0.288
星级分类,管理费（元/间）,五星,2018,11565.0
星级分类,管理费（元/间）,五星,2019,11807.0
星级分类,管理费（元/间）,五星,2020,6560.0
星级分类,管理费（元/间）,五星,2021,8087.0
星级分类,管理费（元/间）,五星,2022,5530.0
星级分类,管理费（元/间）,五星,2023,11692.0
星级分类,管理费（元/间）,五星,2024,10072.0
星级分类,管理费（元/间）,五星,2025,10591.0
星级分类,收益（元/间）,五星,2018,89017.0
星级分类,收益（元/间）,五星,2019,87502.0
星级分类,收益（元/间）,五星,2020,35489.0
星级分类,收益（元/间）,五星,2021,46186.0
星级分类,收益（元/间）,五星,2022,19883.0
星级分类,收益（元/间）,五星,2023,84304.0
星级分类,收益（元/间）,五星,2024,78888.0
星级分类,收益（元/间）,五星,2025,80075.0
管理模式分类,酒店数量（家）,国际管理-五星,2018,496.0
管理模式分类,酒店数量（家）,国际管理-五星,2019,488.0
管理模式分类,酒店数量（家）,国际管理-五星,2020,552.0
管理模式分类,酒店数量（家）,国际管理-五星,2021,633.0
管理模式分类,酒店数量（家）,国际管理-五星,2022,673.0
管理模式分类,酒店数量（家）,国际管理-五星,2023,722.0
管理模式分类,酒店数量（家）,国际管理-五星,2024,683.0
管理模式分类,酒店数量（家）,国际管理-五星,2025,689.0
管理模式分类,每日可供出租客房数（间）,国际管理-五星,2018,165586.0
管理模式分类,每日可供出租客房数（间）,国际管理-五星,2019,163503.0
管理模式分类,每日可供出租客房数（间）,国际管理-五星,2020,182592.0
管理模式分类,每日可供出租客房数（间）,国际管理-五星,2021,204734.0
管理模式分类,每日可供出租客房数（间）,国际管理-五星,2022,214733.0
管理模式分类,每日可供出租客房数（间）,国际管理-五星,2023,224900.0
管理模式分类,每日可供出租客房数（间）,国际管理-五星,2024,214304.0
管理模式分类,每日可供出租客房数（间）,国际管理-五星,2025,216569.0
管理模式分类,每日实际入住客房数（间）,国际管理-五星,2018,107468.0
管理模式分类,每日实际入住客房数（间）,国际管理-五星,2019,106986.0
管理模式分类,每日实际入住客房数（间）,国际管理-五星,2020,82648.0
管理模式分类,每日实际入住客房数（间）,国际管理-五星,2021,104593.0
管理模式分类,每日实际入住客房数（间）,国际管理-五星,2022,94314.0
管理模式分类,每日实际入住客房数（间）,国际管理-五星,2023,144554.0
管理模式分类,每日实际入住客房数（间）,国际管理-五星,2024,138716.0
管理模式分类,每日实际入住客房数（间）,国际管理-五星,2025,142376.0
管理模式分类,平均住宿率（%）,国际管理-五星,2018,0.649
管理模式分类,平均住宿率（%）,国际管理-五星,2019,0.654
管理模式分类,平均住宿率（%）,国际管理-五星,2020,0.453
管理模式分类,平均住宿率（%）,国际管理-五星,2021,0.511
管理模式分类,平均住宿率（%）,国际管理-五星,2022,0.439
管理模式分类,平均住宿率（%）,国际管理-五星,2023,0.643
管理模式分类,平均住宿率（%）,国际管理-五星,2024,0.647
管理模式分类,平均住宿率（%）,国际管理-五星,2025,0.657
管理模式分类,平均房价（元/间）,国际管理-五星,2018,809.0
管理模式分类,平均房价（元/间）,国际管理-五星,2019,825.0
管理模式分类,平均房价（元/间）,国际管理-五星,2020,744.0
管理模式分类,平均房价（元/间）,国际管理-五星,2021,778.0
管理模式分类,平均房价（元/间）,国际管理-五星,2022,730.0
管理模式分类,平均房价（元/间）,国际管理-五星,2023,885.0
管理模式分类,平均房价（元/间）,国际管理-五星,2024,827.0
管理模式分类,平均房价（元/间）,国际管理-五星,2025,824.0
管理模式分类,每间可供出租客房收入（元/间）,国际管理-五星,2018,525.0
管理模式分类,每间可供出租客房收入（元/间）,国际管理-五星,2019,540.0
管理模式分类,每间可供出租客房收入（元/间）,国际管理-五星,2020,337.0
管理模式分类,每间可供出租客房收入（元/间）,国际管理-五星,2021,397.0
管理模式分类,每间可供出租客房收入（元/间）,国际管理-五星,2022,321.0
管理模式分类,每间可供出租客房收入（元/间）,国际管理-五星,2023,569.0
管理模式分类,每间可供出租客房收入（元/间）,国际管理-五星,2024,535.0
管理模式分类,每间可供出租客房收入（元/间）,国际管理-五星,2025,542.0
管理模式分类,每间可供出租客房总收入（元/间）,国际管理-五星,2018,334279.0
管理模式分类,每间可供出租客房总收入（元/间）,国际管理-五星,2019,349089.0
管理模式分类,每间可供出租客房总收入（元/间）,国际管理-五星,2020,219825.0
管理模式分类,每间可供出租客房总收入（元/间）,国际管理-五星,2021,259617.0
管理模式分类,每间可供出租客房总收入（元/间）,国际管理-五星,2022,207117.0
管理模式分类,每间可供出租客房总收入（元/间）,国际管理-五星,2023,338894.0
管理模式分类,每间可供出租客房总收入（元/间）,国际管理-五星,2024,309671.0
管理模式分类,每间可供出租客房总收入（元/间）,国际管理-五星,2025,309079.0
管理模式分类,每间可供出租客房总支出（元/间）,国际管理-五星,2018,229035.0
管理模式分类,每间可供出租客房总支出（元/间）,国际管理-五星,2019,239421.0
管理模式分类,每间可供出租客房总支出（元/间）,国际管理-五星,2020,170786.0
管理模式分类,每间可供出租客房总支出（元/间）,国际管理-五星,2021,197725.0
管理模式分类,每间可供出租客房总支出（元/间）,国际管理-五星,2022,177642.0
管理模式分类,每间可供出租客房总支出（元/间）,国际管理-五星,2023,235035.0
管理模式分类,每间可供出租客房总支出（元/间）,国际管理-五星,2024,222204.0
管理模式分类,每间可供出租客房总支出（元/间）,国际管理-五星,2025,219512.0
管理模式分类,每间可供出租房经营毛利（元/间）,国际管理-五星,2018,106103.0
管理模式分类,每间可供出租房经营毛利（元/间）,国际管理-五星,2019,110.061
管理模式分类,每间可供出租房经营毛利（元/间）,国际管理-五星,2020,48727.0
管理模式分类,每间可供出租房经营毛利（元/间）,国际管理-五星,2021,63157.0
管理模式分类,每间可供出租房经营毛利（元/间）,国际管理-五星,2022,29693.0
管理模式分类,每间可供出租房经营毛利（元/间）,国际管理-五星,2023,105269.0
管理模式分类,每间可供出租房经营毛利（元/间）,国际管理-五星,2024,90569.0
管理模式分类,每间可供出租房经营毛利（元/间）,国际管理-五星,2025,90068.0
管理模式分类,经营毛利率（%）,国际管理-五星,2018,0.317
管理模式分类,经营毛利率（%）,国际管理-五星,2019,0.315
管理模式分类,经营毛利率（%）,国际管理-五星,2020,0.222
管理模式分类,经营毛利率（%）,国际管理-五星,2021,0.243
管理模式分类,经营毛利率（%）,国际管理-五星,2022,0.143
管理模式分类,经营毛利率（%）,国际管理-五星,2023,0.311
管理模式分类,经营毛利率（%）,国际管理-五星,2024,0.292
管理模式分类,经营毛利率（%）,国际管理-五星,2025,0.291
管理模式分类,管理费（元/间）,国际管理-五星,2018,12303.0
管理模式分类,管理费（元/间）,国际管理-五星,2019,12927.0
管理模式分类,管理费（元/间）,国际管理-五星,2020,6914.0
管理模式分类,管理费（元/间）,国际管理-五星,2021,8733.0
管理模式分类,管理费（元/间）,国际管理-五星,2022,5855.0
管理模式分类,管理费（元/间）,国际管理-五星,2023,12748.0
管理模式分类,管理费（元/间）,国际管理-五星,2024,11104.0
管理模式分类,管理费（元/间）,国际管理-五星,2025,11038.0
管理模式分类,收益（元/间）,国际管理-五星,2018,93733.0
管理模式分类,收益（元/间）,国际管理-五星,2019,97380.0
管理模式分类,收益（元/间）,国际管理-五星,2020,41917.0
管理模式分类,收益（元/间）,国际管理-五星,2021,54341.0
管理模式分类,收益（元/间）,国际管理-五星,2022,23967.0
管理模式分类,收益（元/间）,国际管理-五星,2023,92788.0
管理模式分类,收益（元/间）,国际管理-五星,2024,77434.0
管理模式分类,收益（元/间）,国际管理-五星,2025,79285.0
城市等级分类,酒店数量（家）,一线城市-五星,2018,166.0
城市等级分类,酒店数量（家）,一线城市-五星,2019,173.0
城市等级分类,酒店数量（家）,一线城市-五星,2020,199.0
城市等级分类,酒店数量（家）,一线城市-五星,2021,216.0
城市等级分类,酒店数量（家）,一线城市-五星,2022,201.0
城市等级分类,酒店数量（家）,一线城市-五星,2023,225.0
城市等级分类,酒店数量（家）,一线城市-五星,2024,216.0
城市等级分类,酒店数量（家）,一线城市-五星,2025,217.0
城市等级分类,每日可供出租客房数（间）,一线城市-五星,2018,61433.0
城市等级分类,每日可供出租客房数（间）,一线城市-五星,2019,62071.0
城市等级分类,每日可供出租客房数（间）,一线城市-五星,2020,71121.0
城市等级分类,每日可供出租客房数（间）,一线城市-五星,2021,76116.0
城市等级分类,每日可供出租客房数（间）,一线城市-五星,2022,70699.0
城市等级分类,每日可供出租客房数（间）,一线城市-五星,2023,78362.0
城市等级分类,每日可供出租客房数（间）,一线城市-五星,2024,75431.0
城市等级分类,每日可供出租客房数（间）,一线城市-五星,2025,75976.0
城市等级分类,每日实际入住客房数（间）,一线城市-五星,2018,45318.0
城市等级分类,每日实际入住客房数（间）,一线城市-五星,2019,45844.0
城市等级分类,每日实际入住客房数（间）,一线城市-五星,2020,30357.0
城市等级分类,每日实际入住客房数（间）,一线城市-五星,2021,40393.0
城市等级分类,每日实际入住客房数（间）,一线城市-五星,2022,28823.0
城市等级分类,每日实际入住客房数（间）,一线城市-五星,2023,54765.0
城市等级分类,每日实际入住客房数（间）,一线城市-五星,2024,52281.0
城市等级分类,每日实际入住客房数（间）,一线城市-五星,2025,54599.0
城市等级分类,平均住宿率（%）,一线城市-五星,2018,0.738
城市等级分类,平均住宿率（%）,一线城市-五星,2019,0.739
城市等级分类,平均住宿率（%）,一线城市-五星,2020,0.427
城市等级分类,平均住宿率（%）,一线城市-五星,2021,0.531
城市等级分类,平均住宿率（%）,一线城市-五星,2022,0.408
城市等级分类,平均住宿率（%）,一线城市-五星,2023,0.699
城市等级分类,平均住宿率（%）,一线城市-五星,2024,0.693
城市等级分类,平均住宿率（%）,一线城市-五星,2025,0.719
城市等级分类,平均房价（元/间）,一线城市-五星,2018,1006.0
城市等级分类,平均房价（元/间）,一线城市-五星,2019,1030.0
城市等级分类,平均房价（元/间）,一线城市-五星,2020,849.0
城市等级分类,平均房价（元/间）,一线城市-五星,2021,845.0
城市等级分类,平均房价（元/间）,一线城市-五星,2022,804.0
城市等级分类,平均房价（元/间）,一线城市-五星,2023,994.0
城市等级分类,平均房价（元/间）,一线城市-五星,2024,969.0
城市等级分类,平均房价（元/间）,一线城市-五星,2025,972.0
城市等级分类,每间可供出租客房收入（元/间）,一线城市-五星,2018,743.0
城市等级分类,每间可供出租客房收入（元/间）,一线城市-五星,2019,761.0
城市等级分类,每间可供出租客房收入（元/间）,一线城市-五星,2020,362.0
城市等级分类,每间可供出租客房收入（元/间）,一线城市-五星,2021,448.0
城市等级分类,每间可供出租客房收入（元/间）,一线城市-五星,2022,328.0
城市等级分类,每间可供出租客房收入（元/间）,一线城市-五星,2023,695.0
城市等级分类,每间可供出租客房收入（元/间）,一线城市-五星,2024,672.0
城市等级分类,每间可供出租客房收入（元/间）,一线城市-五星,2025,699.0
城市等级分类,每间可供出租客房总收入（元/间）,一线城市-五星,2018,486545.0
城市等级分类,每间可供出租客房总收入（元/间）,一线城市-五星,2019,491857.0
城市等级分类,每间可供出租客房总收入（元/间）,一线城市-五星,2020,261623.0
城市等级分类,每间可供出租客房总收入（元/间）,一线城市-五星,2021,319391.0
城市等级分类,每间可供出租客房总收入（元/间）,一线城市-五星,2022,189503.0
城市等级分类,每间可供出租客房总收入（元/间）,一线城市-五星,2023,435186.0
城市等级分类,每间可供出租客房总收入（元/间）,一线城市-五星,2024,401160.0
城市等级分类,每间可供出租客房总收入（元/间）,一线城市-五星,2025,404301.0
城市等级分类,每间可供出租客房总支出（元/间）,一线城市-五星,2018,303872.0
城市等级分类,每间可供出租客房总支出（元/间）,一线城市-五星,2019,315282.0
城市等级分类,每间可供出租客房总支出（元/间）,一线城市-五星,2020,214481.0
城市等级分类,每间可供出租客房总支出（元/间）,一线城市-五星,2021,246974.0
城市等级分类,每间可供出租客房总支出（元/间）,一线城市-五星,2022,213310.0
城市等级分类,每间可供出租客房总支出（元/间）,一线城市-五星,2023,293015.0
城市等级分类,每间可供出租客房总支出（元/间）,一线城市-五星,2024,274775.0
城市等级分类,每间可供出租客房总支出（元/间）,一线城市-五星,2025,272433.0
城市等级分类,每间可供出租房经营毛利（元/间）,一线城市-五星,2018,182263.0
城市等级分类,每间可供出租房经营毛利（元/间）,一线城市-五星,2019,176.575
城市等级分类,每间可供出租房经营毛利（元/间）,一线城市-五星,2020,49185.0
城市等级分类,每间可供出租房经营毛利（元/间）,一线城市-五星,2021,72696.0
城市等级分类,每间可供出租房经营毛利（元/间）,一线城市-五星,2022,17895.0
城市等级分类,每间可供出租房经营毛利（元/间）,一线城市-五星,2023,142990.0
城市等级分类,每间可供出租房经营毛利（元/间）,一线城市-五星,2024,128485.0
城市等级分类,每间可供出租房经营毛利（元/间）,一线城市-五星,2025,132985.0
城市等级分类,经营毛利率（%）,一线城市-五星,2018,0.375
城市等级分类,经营毛利率（%）,一线城市-五星,2019,0.359
城市等级分类,经营毛利率（%）,一线城市-五星,2020,0.188
城市等级分类,经营毛利率（%）,一线城市-五星,2021,0.228
城市等级分类,经营毛利率（%）,一线城市-五星,2022,0.078
城市等级分类,经营毛利率（%）,一线城市-五星,2023,0.329
城市等级分类,经营毛利率（%）,一线城市-五星,2024,0.32
城市等级分类,经营毛利率（%）,一线城市-五星,2025,0.329
城市等级分类,管理费（元/间）,一线城市-五星,2018,11565.0
城市等级分类,管理费（元/间）,一线城市-五星,2019,18976.0
城市等级分类,管理费（元/间）,一线城市-五星,2020,8256.0
城市等级分类,管理费（元/间）,一线城市-五星,2021,10527.0
城市等级分类,管理费（元/间）,一线城市-五星,2022,5908.0
城市等级分类,管理费（元/间）,一线城市-五星,2023,16035.0
城市等级分类,管理费（元/间）,一线城市-五星,2024,14405.0
城市等级分类,管理费（元/间）,一线城市-五星,2025,15115.0
城市等级分类,收益（元/间）,一线城市-五星,2018,164205.0
城市等级分类,收益（元/间）,一线城市-五星,2019,158629.0
城市等级分类,收益（元/间）,一线城市-五星,2020,41384.0
城市等级分类,收益（元/间）,一线城市-五星,2021,62245.0
城市等级分类,收益（元/间）,一线城市-五星,2022,12559.0
城市等级分类,收益（元/间）,一线城市-五星,2023,128491.0
城市等级分类,收益（元/间）,一线城市-五星,2024,113210.0
城市等级分类,收益（元/间）,一线城市-五星,2025,120140.0
平均房价分类,酒店数量（家）,房价1000元以上,2018,127.0
平均房价分类,酒店数量（家）,房价1000元以上,2019,129.0
平均房价分类,酒店数量（家）,房价1000元以上,2020,120.0
平均房价分类,酒店数量（家）,房价1000元以上,2021,160.0
平均房价分类,酒店数量（家）,房价1000元以上,2022,159.0
平均房价分类,酒店数量（家）,房价1000元以上,2023,234.0
平均房价分类,酒店数量（家）,房价1000元以上,2024,186.0
平均房价分类,酒店数量（家）,房价1000元以上,2025,181.0
平均房价分类,每日可供出租客房数（间）,房价1000元以上,2018,38295.0
平均房价分类,每日可供出租客房数（间）,房价1000元以上,2019,38130.0
平均房价分类,每日可供出租客房数（间）,房价1000元以上,2020,31996.0
平均房价分类,每日可供出租客房数（间）,房价1000元以上,2021,41679.0
平均房价分类,每日可供出租客房数（间）,房价1000元以上,2022,41931.0
平均房价分类,每日可供出租客房数（间）,房价1000元以上,2023,64466.0
平均房价分类,每日可供出租客房数（间）,房价1000元以上,2024,52126.0
平均房价分类,每日可供出租客房数（间）,房价1000元以上,2025,50543.0
平均房价分类,每日实际入住客房数（间）,房价1000元以上,2018,26699.0
平均房价分类,每日实际入住客房数（间）,房价1000元以上,2019,26954.0
平均房价分类,每日实际入住客房数（间）,房价1000元以上,2020,15937.0
平均房价分类,每日实际入住客房数（间）,房价1000元以上,2024,36734.0
平均房价分类,每日实际入住客房数（间）,房价1000元以上,2025,36583.0
平均房价分类,平均住宿率（%）,房价1000元以上,2018,0.697
平均房价分类,平均住宿率（%）,房价1000元以上,2019,0.707
平均房价分类,平均住宿率（%）,房价1000元以上,2020,0.498
平均房价分类,平均住宿率（%）,房价1000元以上,2021,0.541
平均房价分类,平均住宿率（%）,房价1000元以上,2022,0.394
平均房价分类,平均住宿率（%）,房价1000元以上,2023,0.678
平均房价分类,平均住宿率（%）,房价1000元以上,2024,0.705
平均房价分类,平均住宿率（%）,房价1000元以上,2025,0.724
平均房价分类,平均房价（元/间）,房价1000元以上,2018,1349.0
平均房价分类,平均房价（元/间）,房价1000元以上,2019,1355.0
平均房价分类,平均房价（元/间）,房价1000元以上,2020,1427.0
平均房价分类,平均房价（元/间）,房价1000元以上,2021,1455.0
平均房价分类,平均房价（元/间）,房价1000元以上,2022,1468.0
平均房价分类,平均房价（元/间）,房价1000元以上,2023,1438.0
平均房价分类,平均房价（元/间）,房价1000元以上,2024,1394.0
平均房价分类,平均房价（元/间）,房价1000元以上,2025,1429.0
平均房价分类,每间可供出租客房收入（元/间）,房价1000元以上,2018,940.0
平均房价分类,每间可供出租客房收入（元/间）,房价1000元以上,2019,958.0
平均房价分类,每间可供出租客房收入（元/间）,房价1000元以上,2020,711.0
平均房价分类,每间可供出租客房收入（元/间）,房价1000元以上,2021,787.0
平均房价分类,每间可供出租客房收入（元/间）,房价1000元以上,2022,578.0
平均房价分类,每间可供出租客房收入（元/间）,房价1000元以上,2023,974.0
平均房价分类,每间可供出租客房收入（元/间）,房价1000元以上,2024,983.0
平均房价分类,每间可供出租客房收入（元/间）,房价1000元以上,2025,1034.0
平均房价分类,每间可供出租客房总收入（元/间）,房价1000元以上,2020,443942.0
平均房价分类,每间可供出租客房总收入（元/间）,房价1000元以上,2021,493606.0
平均房价分类,每间可供出租客房总收入（元/间）,房价1000元以上,2023,549319.0
平均房价分类,每间可供出租客房总收入（元/间）,房价1000元以上,2024,559705.0
平均房价分类,每间可供出租客房总收入（元/间）,房价1000元以上,2025,575996.0
平均房价分类,每间可供出租客房总支出（元/间）,房价1000元以上,2018,378630.0
平均房价分类,每间可供出租客房总支出（元/间）,房价1000元以上,2019,384430.0
平均房价分类,每间可供出租客房总支出（元/间）,房价1000元以上,2020,310187.0
平均房价分类,每间可供出租客房总支出（元/间）,房价1000元以上,2021,337435.0
平均房价分类,每间可供出租客房总支出（元/间）,房价1000元以上,2023,353495.0
平均房价分类,每间可供出租客房总支出（元/间）,房价1000元以上,2024,367782.0
平均房价分类,每间可供出租客房总支出（元/间）,房价1000元以上,2025,374014.0
平均房价分类,每间可供出租房经营毛利（元/间）,房价1000元以上,2018,226971.0
平均房价分类,每间可供出租房经营毛利（元/间）,房价1000元以上,2019,221820.0
平均房价分类,每间可供出租房经营毛利（元/间）,房价1000元以上,2020,132240.0
平均房价分类,每间可供出租房经营毛利（元/间）,房价1000元以上,2021,160246.0
平均房价分类,每间可供出租房经营毛利（元/间）,房价1000元以上,2022,76923.0
平均房价分类,每间可供出租房经营毛利（元/间）,房价1000元以上,2023,199009.0
平均房价分类,每间可供出租房经营毛利（元/间）,房价1000元以上,2024,191923.0
平均房价分类,每间可供出租房经营毛利（元/间）,房价1000元以上,2025,201982.0
平均房价分类,经营毛利率（%）,房价1000元以上,2018,0.375
平均房价分类,经营毛利率（%）,房价1000元以上,2019,0.366
平均房价分类,经营毛利率（%）,房价1000元以上,2020,0.298
平均房价分类,经营毛利率（%）,房价1000元以上,2021,0.325
平均房价分类,经营毛利率（%）,房价1000元以上,2022,0.211
平均房价分类,经营毛利率（%）,房价1000元以上,2023,0.362
平均房价分类,经营毛利率（%）,房价1000元以上,2024,0.343
平均房价分类,经营毛利率（%）,房价1000元以上,2025,0.351
平均房价分类,管理费（元/间）,房价1000元以上,2018,24923.0
平均房价分类,管理费（元/间）,房价1000元以上,2019,24732.0
平均房价分类,管理费（元/间）,房价1000元以上,2020,17256.0
平均房价分类,管理费（元/间）,房价1000元以上,2021,20347.0
平均房价分类,管理费（元/间）,房价1000元以上,2022,12180.0
平均房价分类,管理费（元/间）,房价1000元以上,2023,23308.0
平均房价分类,管理费（元/间）,房价1000元以上,2024,22260.0
平均房价分类,管理费（元/间）,房价1000元以上,2025,23915.0
平均房价分类,收益（元/间）,房价1000元以上,2018,202701.0
平均房价分类,收益（元/间）,房价1000元以上,2019,197792.0
平均房价分类,收益（元/间）,房价1000元以上,2020,115726.0
平均房价分类,收益（元/间）,房价1000元以上,2021,140658.0
平均房价分类,收益（元/间）,房价1000元以上,2022,64903.0
平均房价分类,收益（元/间）,房价1000元以上,2023,176534.0
平均房价分类,收益（元/间）,房价1000元以上,2024,170652.0
平均房价分类,收益（元/间）,房价1000元以上,2025,179670.0
主要市场分类,酒店数量（家）,北京-五星,2018,47.0
主要市场分类,酒店数量（家）,北京-五星,2019,51.0
主要市场分类,酒店数量（家）,北京-五星,2020,61.0
主要市场分类,酒店数量（家）,北京-五星,2021,73.0
主要市场分类,酒店数量（家）,北京-五星,2022,68.0
主要市场分类,酒店数量（家）,北京-五星,2023,73.0
主要市场分类,酒店数量（家）,北京-五星,2024,64.0
主要市场分类,酒店数量（家）,北京-五星,2025,65.0
主要市场分类,每日可供出租客房数（间）,北京-五星,2018,16321.0
主要市场分类,每日可供出租客房数（间）,北京-五星,2019,17509.0
主要市场分类,每日可供出租客房数（间）,北京-五星,2020,21828.0
主要市场分类,每日可供出租客房数（间）,北京-五星,2021,25889.0
主要市场分类,每日可供出租客房数（间）,北京-五星,2022,23915.0
主要市场分类,每日可供出租客房数（间）,北京-五星,2023,24656.0
主要市场分类,每日可供出租客房数（间）,北京-五星,2024,21178.0
主要市场分类,每日可供出租客房数（间）,北京-五星,2025,22197.0
主要市场分类,每日实际入住客房数（间）,北京-五星,2018,11966.0
主要市场分类,每日实际入住客房数（间）,北京-五星,2019,12949.0
主要市场分类,每日实际入住客房数（间）,北京-五星,2020,7959.0
主要市场分类,每日实际入住客房数（间）,北京-五星,2024,14958.0
主要市场分类,每日实际入住客房数（间）,北京-五星,2025,15637.0
主要市场分类,平均住宿率（%）,北京-五星,2018,0.733
主要市场分类,平均住宿率（%）,北京-五星,2019,0.74
主要市场分类,平均住宿率（%）,北京-五星,2020,0.365
主要市场分类,平均住宿率（%）,北京-五星,2021,0.482
主要市场分类,平均住宿率（%）,北京-五星,2022,0.325
主要市场分类,平均住宿率（%）,北京-五星,2023,0.691
主要市场分类,平均住宿率（%）,北京-五星,2024,0.706
主要市场分类,平均住宿率（%）,北京-五星,2025,0.704
主要市场分类,平均房价（元/间）,北京-五星,2018,1031.0
主要市场分类,平均房价（元/间）,北京-五星,2019,1071.0
主要市场分类,平均房价（元/间）,北京-五星,2020,823.0
主要市场分类,平均房价（元/间）,北京-五星,2021,831.0
主要市场分类,平均房价（元/间）,北京-五星,2022,922.0
主要市场分类,平均房价（元/间）,北京-五星,2023,978.0
主要市场分类,平均房价（元/间）,北京-五星,2024,970.0
主要市场分类,平均房价（元/间）,北京-五星,2025,924.0
主要市场分类,每间可供出租客房收入（元/间）,北京-五星,2018,761.0
主要市场分类,每间可供出租客房收入（元/间）,北京-五星,2019,792.0
主要市场分类,每间可供出租客房收入（元/间）,北京-五星,2020,300.0
主要市场分类,每间可供出租客房收入（元/间）,北京-五星,2021,401.0
主要市场分类,每间可供出租客房收入（元/间）,北京-五星,2022,300.0
主要市场分类,每间可供出租客房收入（元/间）,北京-五星,2023,676.0
主要市场分类,每间可供出租客房收入（元/间）,北京-五星,2024,685.0
主要市场分类,每间可供出租客房收入（元/间）,北京-五星,2025,651.0
主要市场分类,每间可供出租客房总收入（元/间）,北京-五星,2020,209629.0
主要市场分类,每间可供出租客房总收入（元/间）,北京-五星,2021,284161.0
主要市场分类,每间可供出租客房总收入（元/间）,北京-五星,2023,409677.0
主要市场分类,每间可供出租客房总收入（元/间）,北京-五星,2024,399691.0
主要市场分类,每间可供出租客房总收入（元/间）,北京-五星,2025,367605.0
主要市场分类,每间可供出租客房总支出（元/间）,北京-五星,2018,323410.0
主要市场分类,每间可供出租客房总支出（元/间）,北京-五星,2019,330783.0
主要市场分类,每间可供出租客房总支出（元/间）,北京-五星,2020,188161.0
主要市场分类,每间可供出租客房总支出（元/间）,北京-五星,2021,227397.0
主要市场分类,每间可供出租客房总支出（元/间）,北京-五星,2023,278156.0
主要市场分类,每间可供出租客房总支出（元/间）,北京-五星,2024,271904.0
主要市场分类,每间可供出租客房总支出（元/间）,北京-五星,2025,254652.0
主要市场分类,每间可供出租房经营毛利（元/间）,北京-五星,2018,171296.0
主要市场分类,每间可供出租房经营毛利（元/间）,北京-五星,2019,172795.0
主要市场分类,每间可供出租房经营毛利（元/间）,北京-五星,2020,22607.0
主要市场分类,每间可供出租房经营毛利（元/间）,北京-五星,2021,56764.0
主要市场分类,每间可供出租房经营毛利（元/间）,北京-五星,2022,"(1,413)"
主要市场分类,每间可供出租房经营毛利（元/间）,北京-五星,2023,131521.0
主要市场分类,每间可供出租房经营毛利（元/间）,北京-五星,2024,127787.0
主要市场分类,每间可供出租房经营毛利（元/间）,北京-五星,2025,112952.0
主要市场分类,经营毛利率（%）,北京-五星,2018,0.345
主要市场分类,经营毛利率（%）,北京-五星,2019,0.343
主要市场分类,经营毛利率（%）,北京-五星,2020,0.108
主要市场分类,经营毛利率（%）,北京-五星,2021,0.2
主要市场分类,经营毛利率（%）,北京-五星,2022,(0.7%)
主要市场分类,经营毛利率（%）,北京-五星,2023,0.321
主要市场分类,经营毛利率（%）,北京-五星,2024,0.32
主要市场分类,经营毛利率（%）,北京-五星,2025,0.307
主要市场分类,管理费（元/间）,北京-五星,2018,17636.0
主要市场分类,管理费（元/间）,北京-五星,2019,18491.0
主要市场分类,管理费（元/间）,北京-五星,2020,6785.0
主要市场分类,管理费（元/间）,北京-五星,2021,9233.0
主要市场分类,管理费（元/间）,北京-五星,2022,4585.0
主要市场分类,管理费（元/间）,北京-五星,2023,15245.0
主要市场分类,管理费（元/间）,北京-五星,2024,15284.0
主要市场分类,管理费（元/间）,北京-五星,2025,14102.0
主要市场分类,收益（元/间）,北京-五星,2018,154864.0
主要市场分类,收益（元/间）,北京-五星,2019,155308.0
主要市场分类,收益（元/间）,北京-五星,2020,16174.0
主要市场分类,收益（元/间）,北京-五星,2021,48563.0
主要市场分类,收益（元/间）,北京-五星,2022,"(5,231)"
主要市场分类,收益（元/间）,北京-五星,2023,118752.0
主要市场分类,收益（元/间）,北京-五星,2024,115126.0
主要市场分类,收益（元/间）,北京-五星,2025,105168.0
